{
  "Total" : {
    "transaction" : "Total",
    "sampleCount" : 103342,
    "errorCount" : 3643,
    "errorPct" : 3.5251882,
    "meanResTime" : 552.5069865108112,
    "medianResTime" : 353.0,
    "minResTime" : 237.0,
    "maxResTime" : 7466.0,
    "pct1ResTime" : 1168.9000000000015,
    "pct2ResTime" : 1787.0,
    "pct3ResTime" : 4358.860000000022,
    "throughput" : 241.92581771872162,
    "receivedKBytesPerSec" : 1446.4065044946146,
    "sentKBytesPerSec" : 30.640609765072668
  },
  "reserve" : {
    "transaction" : "reserve",
    "sampleCount" : 25953,
    "errorCount" : 886,
    "errorPct" : 3.4138634,
    "meanResTime" : 544.3709012445586,
    "medianResTime" : 329.0,
    "minResTime" : 244.0,
    "maxResTime" : 7242.0,
    "pct1ResTime" : 988.0,
    "pct2ResTime" : 1509.9500000000007,
    "pct3ResTime" : 3581.900000000016,
    "throughput" : 60.91538551813167,
    "receivedKBytesPerSec" : 430.98851596423543,
    "sentKBytesPerSec" : 7.792886233276611
  },
  "purchase" : {
    "transaction" : "purchase",
    "sampleCount" : 25714,
    "errorCount" : 915,
    "errorPct" : 3.558373,
    "meanResTime" : 548.4381270902998,
    "medianResTime" : 323.0,
    "minResTime" : 242.0,
    "maxResTime" : 7458.0,
    "pct1ResTime" : 999.0,
    "pct2ResTime" : 1559.9500000000007,
    "pct3ResTime" : 3808.930000000011,
    "throughput" : 60.41042628419729,
    "receivedKBytesPerSec" : 396.3847399522501,
    "sentKBytesPerSec" : 7.787281513197308
  },
  "confirmation" : {
    "transaction" : "confirmation",
    "sampleCount" : 25475,
    "errorCount" : 922,
    "errorPct" : 3.6192346,
    "meanResTime" : 566.3433562316004,
    "medianResTime" : 354.0,
    "minResTime" : 241.0,
    "maxResTime" : 7466.0,
    "pct1ResTime" : 1020.0,
    "pct2ResTime" : 1638.9000000000015,
    "pct3ResTime" : 3897.8900000000176,
    "throughput" : 59.83853578215249,
    "receivedKBytesPerSec" : 337.76074208886405,
    "sentKBytesPerSec" : 7.947305533567128
  },
  "home" : {
    "transaction" : "home",
    "sampleCount" : 26200,
    "errorCount" : 920,
    "errorPct" : 3.5114503,
    "meanResTime" : 551.1062595419868,
    "medianResTime" : 322.0,
    "minResTime" : 237.0,
    "maxResTime" : 7390.0,
    "pct1ResTime" : 998.0,
    "pct2ResTime" : 1566.7500000000036,
    "pct3ResTime" : 3841.9900000000016,
    "throughput" : 61.33475667425157,
    "receivedKBytesPerSec" : 284.93141136952084,
    "sentKBytesPerSec" : 7.187666797763857
  }
}