{
  "Total" : {
    "transaction" : "Total",
    "sampleCount" : 114740,
    "errorCount" : 19530,
    "errorPct" : 17.021091,
    "meanResTime" : 1308.8804427401178,
    "medianResTime" : 421.0,
    "minResTime" : 148.0,
    "maxResTime" : 10622.0,
    "pct1ResTime" : 2025.0,
    "pct2ResTime" : 5324.9000000000015,
    "pct3ResTime" : 10078.990000000002,
    "throughput" : 268.9077993573774,
    "receivedKBytesPerSec" : 1598.4667834403394,
    "sentKBytesPerSec" : 34.05875266807323
  },
  "reserve" : {
    "transaction" : "reserve",
    "sampleCount" : 28817,
    "errorCount" : 5035,
    "errorPct" : 17.472326,
    "meanResTime" : 1334.0052746642689,
    "medianResTime" : 395.0,
    "minResTime" : 148.0,
    "maxResTime" : 10502.0,
    "pct1ResTime" : 2936.9000000000015,
    "pct2ResTime" : 6909.550000000007,
    "pct3ResTime" : 9527.0,
    "throughput" : 68.07572736636209,
    "receivedKBytesPerSec" : 478.66447356667607,
    "sentKBytesPerSec" : 8.7089065283139
  },
  "purchase" : {
    "transaction" : "purchase",
    "sampleCount" : 28560,
    "errorCount" : 4705,
    "errorPct" : 16.47409,
    "meanResTime" : 1291.3858193277354,
    "medianResTime" : 387.5,
    "minResTime" : 149.0,
    "maxResTime" : 10517.0,
    "pct1ResTime" : 2727.9000000000015,
    "pct2ResTime" : 6738.650000000005,
    "pct3ResTime" : 9397.94000000001,
    "throughput" : 67.981386049058,
    "receivedKBytesPerSec" : 443.37625095955866,
    "sentKBytesPerSec" : 8.763225545386382
  },
  "confirmation" : {
    "transaction" : "confirmation",
    "sampleCount" : 28298,
    "errorCount" : 4533,
    "errorPct" : 16.0188,
    "meanResTime" : 1285.7624213725303,
    "medianResTime" : 394.0,
    "minResTime" : 150.0,
    "maxResTime" : 10580.0,
    "pct1ResTime" : 2698.800000000003,
    "pct2ResTime" : 6621.850000000002,
    "pct3ResTime" : 9398.980000000003,
    "throughput" : 67.95330821524712,
    "receivedKBytesPerSec" : 381.42721844660485,
    "sentKBytesPerSec" : 9.025048747337507
  },
  "home" : {
    "transaction" : "home",
    "sampleCount" : 29065,
    "errorCount" : 5257,
    "errorPct" : 18.087046,
    "meanResTime" : 1323.6686048512008,
    "medianResTime" : 381.5,
    "minResTime" : 149.0,
    "maxResTime" : 10622.0,
    "pct1ResTime" : 2830.0,
    "pct2ResTime" : 6678.850000000002,
    "pct3ResTime" : 9371.980000000003,
    "throughput" : 68.11832644298825,
    "receivedKBytesPerSec" : 314.7945501859983,
    "sentKBytesPerSec" : 7.982616380037686
  }
}